id,modularity_class
2,2
1,2
3,1
4,2
5,1
6,0
7,2
9,2
10,2
11,1
12,0
13,2
14,0
15,1
16,1
17,2
18,1
19,0
20,1
21,2
22,0
8,0
23,1
24,1
25,0
26,1
27,1
28,1
29,2
30,0
31,0
32,0
33,1
34,1
35,2
36,2
37,1
38,2
39,0
40,0
41,1
42,0
43,1
44,2
45,2
46,1
47,1
48,0
49,1
50,1
51,0
52,1
53,0
54,1
55,2
56,2
57,2
58,2
59,0
60,1
61,0
62,0
63,0
64,0
65,0
66,1
67,0
68,2
69,0
70,0
71,1
72,2
73,0
74,2
75,1
76,0
77,2
78,1
79,2
80,2
81,1
82,1
83,1
84,2
85,1
86,1
87,0
88,0
89,2
90,0
91,1
92,1
93,0
94,1
95,1
96,1
97,2
98,0
99,0
100,0
101,2
102,0
103,1
104,1
105,1
106,1
107,2
108,2
109,1
110,0
111,1
112,1
113,0
114,2
115,0
116,1
117,0
118,1
119,1
120,2
121,2
122,0
123,1
124,0
125,1
126,2
127,0
128,2
129,0
130,0
131,1
132,0
133,0
134,2
135,1
136,2
137,1
138,2
139,0
140,1
141,1
142,0
143,1
144,1
145,0
146,1
147,1
148,1
149,2
150,2
151,0
152,1
153,0
154,0
155,2
156,0
157,0
158,2
159,2
160,2
161,0
162,1
163,1
164,0
165,0
166,0
167,0
168,2
169,0
170,2
171,0
172,0
173,2
174,1
175,0
176,1
177,0
178,2
179,1
180,1
181,0
182,0
183,1
184,1
185,1
186,0
187,0
188,1
189,0
190,1
191,1
193,1
194,0
192,0
195,1
196,2
197,1
198,0
199,1
200,2
201,0
202,1
203,1
204,1
205,1
206,1
207,2
208,1
209,2
210,1
211,1
212,0
213,0
214,0
215,0
216,0
217,2
218,0
219,0
220,1
221,2
222,2
223,2
224,1
225,0
226,1
227,1
228,0
229,2
230,0
231,1
232,1
233,0
234,2
235,0
236,0
237,0
238,1
239,1
240,1
241,0
242,1
243,1
244,0
245,0
246,0
247,2
248,0
249,1
250,0
251,2
252,1
253,1
254,1
255,0
256,1
257,1
258,0
259,1
260,1
261,1
262,0
263,2
264,0
265,0
266,2
267,0
268,0
269,1
270,1
271,1
272,1
273,1
274,1
275,0
276,1
277,1
278,1
279,1
280,0
281,0
282,1
283,0
284,2
285,2
286,0
287,1
288,2
289,1
290,0
291,2
292,0
293,1
294,0
295,1
296,0
297,0
298,1
299,0
300,2
301,1
302,2
303,0
304,2
305,1
306,0
307,2
308,2
309,1
310,1
311,1
312,1
313,2
314,1
315,1
316,2
317,0
318,1
319,2
320,2
321,2
322,1
323,1
324,0
325,0
326,0
327,2
328,0
330,0
331,1
332,1
333,0
334,2
335,0
336,2
337,0
338,0
339,0
340,2
341,0
329,0
342,0
343,0
344,0
345,1
346,1
347,2
348,1
349,2
350,0
351,0
352,0
353,0
354,0
355,1
356,0
357,1
358,2
359,0
360,1
361,0
362,0
363,0
364,0
365,1
366,0
367,0
368,2
369,0
370,2
371,0
372,1
373,1
374,1
375,1
376,0
377,2
378,0
379,1
380,0
381,1
382,1
383,0
384,1
385,0
386,1
387,2
388,0
389,1
390,2
391,2
392,2
393,0
394,0
395,2
396,1
397,0
398,0
399,1
400,2
401,0
402,1
403,0
404,0
405,0
406,2
407,2
408,1
409,1
410,1
411,2
412,1
413,0
414,1
415,1
416,0
417,1
418,1
419,0
420,1
421,0
422,0
423,0
424,2
425,2
426,1
427,0
428,0
429,0
430,1
431,1
432,2
433,2
434,0
435,1
436,1
437,0
438,0
439,1
440,2
441,0
442,1
443,1
444,0
445,0
446,0
447,1
448,0
449,1
450,0
451,0
452,2
453,0
454,0
455,1
456,1
457,1
458,0
459,0
460,0
461,2
462,0
463,1
464,1
465,1
466,0
467,2
468,0
469,1
470,0
471,2
472,1
473,0
474,0
475,0
476,1
477,1
478,0
479,0
480,1
481,1
482,0
483,1
484,2
485,1
486,2
487,2
488,0
489,1
490,0
491,0
492,2
493,0
494,0
495,2
496,0
497,1
498,0
499,0
500,1
501,0
502,2
503,0
504,0
505,2
506,0
507,2
508,2
509,1
510,0
511,1
512,1
513,0
514,2
515,2
516,2
517,0
518,0
519,2
520,0
521,0
522,0
523,2
524,1
525,0
526,0
527,0
528,0
529,0
530,2
531,2
532,0
533,1
534,2
535,2
536,0
537,2
538,0
539,2
540,2
541,2
542,2
543,1
544,0
545,1
546,0
547,0
548,0
549,0
550,2
551,1
552,1
553,2
554,1
555,1
556,0
557,0
558,0
559,0
560,2
561,0
562,1
563,0
564,0
565,0
566,2
567,1
568,1
569,2
570,0
571,2
572,1
573,2
574,0
575,0
576,0
577,1
578,1
579,0
580,1
581,1
582,1
583,0
584,2
585,0
586,0
587,2
588,0
589,1
590,0
591,0
592,1
593,0
594,1
595,2
596,0
597,2
598,0
599,0
600,0
601,2
602,0
603,1
604,1
605,1
606,1
607,1
608,2
609,1
610,0
611,1
612,2
613,0
614,1
615,0
616,2
617,1
618,1
619,2
620,1
621,1
622,0
623,1
624,1
625,1
626,2
627,2
628,0
629,0
630,0
631,1
632,1
633,1
634,0
635,2
636,0
637,0
638,1
639,1
640,0
641,2
642,0
643,2
644,2
645,0
646,2
647,0
648,2
649,0
650,1
651,0
652,1
653,0
654,0
655,0
656,0
657,1
658,0
659,1
660,1
661,1
662,1
663,1
664,1
665,0
666,2
667,2
668,2
669,0
670,2
671,0
672,1
673,1
674,2
675,2
676,0
677,0
678,1
679,0
680,0
681,1
682,1
683,2
684,1
685,0
686,1
687,1
688,1
689,2
690,1
691,2
692,0
693,2
694,1
695,2
696,2
697,0
698,1
699,0
700,0
701,0
702,1
703,1
704,1
705,0
706,1
707,0
708,2
709,0
710,2
711,0
712,0
713,2
714,1
715,0
716,0
717,0
718,0
719,0
720,2
721,1
722,0
723,1
724,0
725,0
726,0
727,1
728,0
729,0
730,2
731,2
732,2
733,0
734,0
735,2
736,1
737,0
738,2
739,1
740,0
741,1
742,0
743,1
744,0
745,1
746,2
747,2
748,2
749,0
750,1
751,1
752,1
753,2
754,0
755,2
756,0
757,0
758,1
759,0
760,1
761,2
762,0
763,0
764,2
765,2
766,0
767,2
768,2
769,2
770,2
771,2
772,1
773,1
774,1
775,1
776,2
777,1
778,0
779,1
780,0
781,0
782,1
783,1
784,0
785,2
786,0
787,1
788,1
789,0
790,0
791,1
792,1
793,2
794,1
795,0
796,0
797,1
798,0
799,1
800,0
801,0
802,1
803,1
804,0
805,1
806,2
807,1
808,1
809,2
810,1
811,2
812,0
813,1
814,0
815,2
816,2
817,2
818,2
819,0
820,0
821,0
822,2
823,0
824,0
825,1
826,1
827,0
828,1
829,1
830,1
831,1
832,1
833,0
834,1
835,2
836,1
837,0
838,1
839,1
840,1
841,1
842,1
843,1
844,2
845,1
846,2
847,2
848,0
849,2
850,1
851,0
852,0
853,0
854,1
855,0
856,1
857,0
858,1
859,1
860,1
861,1
862,1
863,1
864,1
865,1
866,0
867,2
868,0
869,1
870,2
871,2
872,1
873,0
874,1
875,1
876,1
877,0
878,0
879,1
880,0
881,2
882,1
883,1
884,1
885,0
886,2
887,1
888,1
889,1
890,0
891,1
892,0
893,2
894,1
895,1
896,0
897,1
898,2
899,0
900,1
901,0
902,2
903,1
904,1
905,1
906,1
907,2
908,1
909,0
910,2
911,2
912,0
913,1
914,1
915,2
916,2
917,0
918,2
919,0
920,0
921,1
922,0
923,1
924,0
925,1
926,0
927,1
928,0
929,0
930,0
931,1
932,0
933,0
934,2
935,2
936,2
937,1
938,2
939,1
940,1
941,1
942,2
943,1
944,0
945,2
946,0
947,0
948,0
949,0
950,0
951,0
952,2
953,2
954,2
955,2
956,2
957,2
958,2
959,2
960,2
961,2
962,2
963,2
964,2
965,2
966,2
967,0
968,2
969,2
970,2
971,0
972,2
973,2
974,2
975,2
976,2
977,0
978,0
979,0
980,2
981,2
982,0
983,0
984,0
985,0
986,2
987,2
988,2
989,2
990,2
991,2
992,0
993,2
994,2
995,0
996,2
997,2
998,2
999,2
1000,0
1001,2
1002,2
1003,2
1004,0
1005,2
1006,0
1007,0
1008,2
1009,2
1010,2
1011,0
1012,2
1013,2
1014,2
1015,2
1016,2
1017,2
1018,2
1019,2
1020,2
1021,1
1022,0
1023,2
1024,1
1025,2
1026,2
1027,2
1028,2
1029,2
1030,2
1031,2
1032,2
1033,0
1034,2
1035,2
1036,2
1037,0
1038,2
1039,2
1040,2
1041,0
1042,2
1043,2
1044,2
1045,2
1046,2
1047,2
1048,2
1049,2
1050,2
1051,2
1052,2
1053,2
1054,2
1055,2
1056,1
1057,2
1058,2
1059,2
1060,0
1061,2
1062,2
